state,within_mandate_period,n,high_mask_n,high_mask_prop,period_label
Alabama,0,117,47,0.4017094017094017,Before/no sustained mandate
Alabama,1,427,260,0.6088992974238876,During sustained mandate
Alaska,0,37,19,0.5135135135135135,Before/no sustained mandate
Alaska,1,78,43,0.5512820512820513,During sustained mandate
Arizona,0,254,117,0.46062992125984253,Before/no sustained mandate
Arizona,1,488,262,0.5368852459016393,During sustained mandate
Arkansas,0,91,35,0.38461538461538464,Before/no sustained mandate
Arkansas,1,198,126,0.6363636363636364,During sustained mandate
California,0,376,203,0.5398936170212766,Before/no sustained mandate
California,1,2791,2043,0.7319957004657829,During sustained mandate
Colorado,0,209,142,0.6794258373205742,Before/no sustained mandate
Colorado,1,346,207,0.5982658959537572,During sustained mandate
Connecticut,0,57,27,0.47368421052631576,Before/no sustained mandate
Connecticut,1,273,194,0.7106227106227107,During sustained mandate
Delaware,0,21,9,0.42857142857142855,Before/no sustained mandate
Delaware,1,106,79,0.7452830188679245,During sustained mandate
District of Columbia,0,32,21,0.65625,Before/no sustained mandate
District of Columbia,1,85,73,0.8588235294117647,During sustained mandate
Florida,0,348,159,0.45689655172413796,Before/no sustained mandate
Florida,1,2080,1412,0.6788461538461539,During sustained mandate
Georgia,0,1009,675,0.6689791873141725,Before/no sustained mandate
Georgia,1,71,46,0.647887323943662,During sustained mandate
Hawaii,0,37,30,0.8108108108108109,Before/no sustained mandate
Hawaii,1,68,54,0.7941176470588235,During sustained mandate
Idaho,0,81,29,0.35802469135802467,Before/no sustained mandate
Idaho,1,106,53,0.5,During sustained mandate
Illinois,0,609,418,0.6863711001642037,Before/no sustained mandate
Illinois,1,656,437,0.6661585365853658,During sustained mandate
Indiana,0,259,155,0.5984555984555985,Before/no sustained mandate
Indiana,1,389,232,0.596401028277635,During sustained mandate
Iowa,0,93,44,0.4731182795698925,Before/no sustained mandate
Iowa,1,225,123,0.5466666666666666,During sustained mandate
Kansas,0,83,33,0.39759036144578314,Before/no sustained mandate
Kansas,1,127,75,0.5905511811023622,During sustained mandate
Kentucky,0,194,97,0.5,Before/no sustained mandate
Kentucky,1,344,207,0.6017441860465116,During sustained mandate
Louisiana,0,66,32,0.48484848484848486,Before/no sustained mandate
Louisiana,1,271,190,0.7011070110701108,During sustained mandate
Maine,0,83,51,0.6144578313253012,Before/no sustained mandate
Maine,1,87,52,0.5977011494252874,During sustained mandate
Maryland,0,210,156,0.7428571428571429,Before/no sustained mandate
Maryland,1,285,205,0.7192982456140351,During sustained mandate
Massachusetts,0,90,41,0.45555555555555555,Before/no sustained mandate
Massachusetts,1,533,386,0.724202626641651,During sustained mandate
Michigan,0,324,200,0.6172839506172839,Before/no sustained mandate
Michigan,1,529,319,0.6030245746691871,During sustained mandate
Minnesota,0,555,268,0.4828828828828829,Before/no sustained mandate
Mississippi,0,59,27,0.4576271186440678,Before/no sustained mandate
Mississippi,1,189,126,0.6666666666666666,During sustained mandate
Missouri,0,206,99,0.48058252427184467,Before/no sustained mandate
Missouri,1,423,243,0.574468085106383,During sustained mandate
Montana,0,39,6,0.15384615384615385,Before/no sustained mandate
Montana,1,98,49,0.5,During sustained mandate
Nebraska,0,175,97,0.5542857142857143,Before/no sustained mandate
Nevada,0,119,68,0.5714285714285714,Before/no sustained mandate
Nevada,1,266,185,0.6954887218045113,During sustained mandate
New Hampshire,0,82,49,0.5975609756097561,Before/no sustained mandate
New Hampshire,1,95,58,0.6105263157894737,During sustained mandate
New Jersey,0,370,274,0.7405405405405405,Before/no sustained mandate
New Jersey,1,608,428,0.7039473684210527,During sustained mandate
New Mexico,0,50,27,0.54,Before/no sustained mandate
New Mexico,1,121,68,0.5619834710743802,During sustained mandate
New York,0,338,206,0.6094674556213018,Before/no sustained mandate
New York,1,2271,1676,0.7380008806693087,During sustained mandate
North Carolina,0,161,63,0.391304347826087,Before/no sustained mandate
North Carolina,1,745,511,0.6859060402684564,During sustained mandate
North Dakota,0,25,8,0.32,Before/no sustained mandate
North Dakota,1,43,21,0.4883720930232558,During sustained mandate
Ohio,0,438,214,0.4885844748858447,Before/no sustained mandate
Ohio,1,795,480,0.6037735849056604,During sustained mandate
Oklahoma,0,104,40,0.38461538461538464,Before/no sustained mandate
Oklahoma,1,223,117,0.5246636771300448,During sustained mandate
Oregon,0,167,84,0.5029940119760479,Before/no sustained mandate
Oregon,1,333,229,0.6876876876876877,During sustained mandate
Pennsylvania,0,544,366,0.6727941176470589,Before/no sustained mandate
Pennsylvania,1,1054,655,0.6214421252371917,During sustained mandate
Rhode Island,0,21,15,0.7142857142857143,Before/no sustained mandate
Rhode Island,1,91,61,0.6703296703296703,During sustained mandate
South Carolina,0,174,87,0.5,Before/no sustained mandate
South Carolina,1,322,198,0.6149068322981367,During sustained mandate
South Dakota,0,74,27,0.36486486486486486,Before/no sustained mandate
Tennessee,0,230,108,0.46956521739130436,Before/no sustained mandate
Tennessee,1,431,239,0.5545243619489559,During sustained mandate
Texas,0,352,149,0.42329545454545453,Before/no sustained mandate
Texas,1,1893,1261,0.6661384046487058,During sustained mandate
Utah,0,81,46,0.5679012345679012,Before/no sustained mandate
Utah,1,177,99,0.559322033898305,During sustained mandate
Vermont,0,30,22,0.7333333333333333,Before/no sustained mandate
Vermont,1,57,38,0.6666666666666666,During sustained mandate
Virginia,0,458,291,0.6353711790393013,Before/no sustained mandate
Virginia,1,507,339,0.6686390532544378,During sustained mandate
Washington,0,223,125,0.5605381165919282,Before/no sustained mandate
Washington,1,486,323,0.6646090534979424,During sustained mandate
West Virginia,0,109,67,0.6146788990825688,Before/no sustained mandate
West Virginia,1,101,60,0.594059405940594,During sustained mandate
Wisconsin,0,233,103,0.44206008583690987,Before/no sustained mandate
Wisconsin,1,402,231,0.5746268656716418,During sustained mandate
Wyoming,0,67,28,0.417910447761194,Before/no sustained mandate
